{"cameraMode":{"drawMode":0,"name":"Shaded","section":"Shading Mode"},"sceneLighting":true,"audioPlay":false,"sceneViewState":{"m_AlwaysRefresh":false,"showFog":true,"showSkybox":true,"showFlares":true,"showImageEffects":true,"showParticleSystems":true,"showVisualEffectGraphs":true,"m_FxEnabled":true},"in2DMode":false,"pivot":{"x":-48.769073486328128,"y":443.3361511230469,"z":58.89141845703125},"rotation":{"x":0.27753397822380068,"y":0.08282449096441269,"z":-0.024099363014101983,"w":0.9568563103675842},"size":372.5435485839844,"orthographic":false}